شهر,صنف,نام فروشگاه,آدرس,شماره تماس
بوشهر,لوازم خانگی آشپزخانه و تزیینی,الکترواستیل,خیابان هلالی نبش تلاش 16,9173780285
برازجان,کالای دیجیتال,موبایل مرکزی برازجان,خیابان فردوسی بالاتر از بستنی کنارتخته,9173733631
بوشهر,کالای دیجیتال,فروشگاه دنیای دیجیتال,بهمنی خیابان سلمان فارسی,9171701412
بوشهر,کالای دیجیتال,موبایل اعتماد,خیابان سنگی روبروی بسیج مرکزی ابتدای خیابان توحید,7733334428
گناوه,مبلمان و صنایع چوب,بازار مبل پاریس,خیابان حرم به حرم نبش فرعی 48,9172663137
گناوه,لوازم خانگی آشپزخانه و تزیینی,لوازم خانگی مروارید بندر,میدان ملوان,9171724800
برازجان,سلامت,شرکت نفس مانان لیان,چهارراه فراهانچی بالای فرش غریب زاده,9179612126
برازجان,ابزارآلات تجهیزات تاسیسات ساختمان و سایر خدمات ساختمان,صنعت ابزار ابوالفضل,کمال آباد کوی شهید اسدی خیابان شهید اسدی پشت آرامگاه,9001710999
برازجان,خرده فروشی کالا,هایپر باتری و لاستیک آب شیرینی,خیابان بنیاد مسکن سابق,7734220708
بوشهر,مبلمان و صنایع چوب,فروشگاه مبل امید,خیابان سبزآباد تک درخت,9129463688
شبانکاره,لوازم خانگی آشپزخانه و تزیینی,شرکت تعاونی فرهنگیان شبانکاره,خیابان شهید رجایی,9177747970
بوشهر,طلا جواهرات و ساعت,طلافروشی کرباسی,خیابان لیان شرقی روبروی مسجد فاطمه زهرا,7733379599
بوشهر,فرش و موکت,فرش فروشی رضازاده,خیابان نادر نبش پاساژ سلیمانی طبقه همکف,9394081360
بوشهر,خرده فروشی کالا,عینک طبی رائین,میدان امام عینک رائین,9173713426
برازجان,لوازم خانگی آشپزخانه و تزیینی,لوازم خانگی سید احمد حسینی,انتهای خیابان وحدت (جایگاه نماز جمعه),9374980865
بوشهر,کالای دیجیتال,فروشگاه موبایل و ماشین های اداری آسیا,چهارراه گورک روبروی داروخانه دکتر دیانتی,9177711909
عسلویه,کالای دیجیتال,فروشگاه موبایل شهر عسلویه,نخل تقی خیابان بعداز بانک ملی میدان نخل,9172933705
بوشهر,لوازم خانگی آشپزخانه و تزیینی,صنایع دستی وریا گالری,چهارراه دادگستری مجتمع تجاری هلال احمر,9927058639
بوشهر,فرش و موکت,مرکز خرید هیرون,خیابان امام خمینی نبش خیابان یادگار امام,9034163243
عسلویه,لوازم خانگی آشپزخانه و تزیینی,لوازم خانگی حلما,نخل تقی خیابان توحید,9960194764
بوشهر,لوازم خانگی آشپزخانه و تزیینی,لوازم خانگی لیانو,خیابان معلم جنب بانک رفاه,7733320176
بوشهر,لوازم خانگی آشپزخانه و تزیینی,لوازم خانگی عابدی,عالی شهر فاز 2 خیابان امداد روبروی آموزشگاه رانندگی بهار,9174005407
گناوه,لوازم خانگی آشپزخانه و تزیینی,فروشگاه لوازم خانگی فرهنگ,باباعلیشاد کوچه ۶ سعدی بلوار پیروزی,7733120458
بوشهر,خدمات خودرو,پنچرگیری پارس لیان,خیابان صفوی جنوبی پنچرگیری پارس لیان,9171713356
برازجان,سلامت,دندانپزشکی سید رسول موسوی معجزی,خیابان شهید چمران جنب بانک رفاه,7734258904
بوشهر,بیمه,نمایندگی بیمه آسیا طاهره درودگاهی,خ گمرک روبروی مسجد جامع عطار,9173796515
برازجان,کالای دیجیتال,فروشگاه موبایل ایرانیان,خ پاسداران,7734243573
گناوه,ابزارآلات تجهیزات تاسیسات ساختمان و سایر خدمات ساختمان,کلینیک ساختمانی داریوش,خ پیروزی بعداز درمانگاه رازی,7733135041
خورموج,لوازم خانگی آشپزخانه و تزیینی,لوازم خانگی صفرپور,ابتدای خ توسلی پشت بانکی ملی مرکزی,7735328283
گناوه,ورزشی تفریحی و سرگرمی,دوچرخه سرای لیراوی,خ امام خمینی مجتمع تجاری جایگاه نماز,7733141222
گناوه,لوازم خانگی آشپزخانه و تزیینی,فروشگاه جی بلاس موسوی,خ امام روبروی بانک کشاورزی,7733135331
دیر,مبلمان و صنایع چوب,مصنوعات چوبی آرین,خیابان ساحلی روبروی مجسمه لک لکها,9370206011
خورموج,محصولات کشاورزی,محصولات کشاورزی فقیه,خیابان ابوطالب کوچه خرداد 1,7735322880
برازجان,مبلمان و صنایع چوب,نماینگی انحصاری ماهک چوب برامکی,خیابان شهرداری جنب آشی قناعت مجتمع اسماعیلی,9177276933
بوشهر,بیمه,زهرا مشتاقی نمایندگی بیمه تجارت نو,خیابان امام خمینی روبروی استانداری پاساژ مصلحیان,9170826959
بوشهر,لوازم خانگی آشپزخانه و تزیینی,فروشگاه نگین تک بوشهر,خ انقلاب کوچه انقلاب 6 روبروی کلیسا,7733328718
دیر,فرش و موکت,شرکت فرش آریان نفیس کاشان,بلوار شهید بهشتی,9132637140
بوشهر,بیمه,بیمه نوین نمایندگی فرزانه شهاب,خیابان جوان نمایندگی بیمه نوین,9175107147
بوشهر,بیمه,بیمه آسیا نمایندگی فاطمه خشنود,خیابان سنگی خیابان ملاصدرا بیمه آسیا,9178795340
برازجان,کالای دیجیتال,فروشگاه ویژن موبایل,پاساژ استوار,7734236295
بوشهر,مبلمان و صنایع چوب,ام دی اف ایران,خیابان نیروگاه نبش دلیران 43,9174961751
بوشهر,مبلمان و صنایع چوب,مبلمان آکام هوم,بهمنی به سمت پارک شغاب,9172722036
خورموج,کالای دیجیتال,مجتمع دیجیتال رضا,خیابان مطهری جنب بانک ملت,7735331460
بوشهر,مبلمان و صنایع چوب,تولیدی انواع مصنوعات چوبی بیات,نبش ورودی تنگک دوم تولیدی انواع مصنوعات چوبی بیات,9139006027
بوشهر,وسایل نقلیه,فروشگاه موتور سیکلت آدریان,عالی شهر فاز1 روبرو کلانتری,9173726837
بوشهر,تعمیر لوازم الکتریکی کالاهای خانگی و متفرقه,لوازم خانگی محمدی,خیابان سلمان فارسی لوازم خانگی محمدی پلاک 93,9173715783
برازجان,لوازم خانگی آشپزخانه و تزیینی,لوازم خانگی مایسا,خیابان امام خمینی روبروی مبلمان صاحی,9176686373
بوشهر,کالای دیجیتال,سعید غریبی,بهمنی خیابان میثم تمار -نبش میثم 1 پلاک 5,9338416721
برازجان,طلا جواهرات و ساعت,طلا و جواهرات یاقوت,بازار شمالی,7734299195
برازجان,سایر خدمات,فروشگاه دوچرخه خلیج پارس,بلوار آزادی نبش کوچه 14 آزادی,7734274119
بوشهر,لوازم خانگی آشپزخانه و تزیینی,لوتزم خانگی سیف زاده,خیابان انقلاب کوچه انقلاب 13,7733342402
بوشهر,طلا جواهرات و ساعت,طلای پارسا,خیابان انقلاب خیابان حافظ,7733327074
بوشهر,سایر خدمات,خدمات تصفیه آب,خیابان فضیلت بلوار طالقانی,7733332104
گناوه,طلا جواهرات و ساعت,طلاوجواهرات سیمرغ,میدان امام کوچه بانک صارات,7733132091
بوشهر,کالای دیجیتال,موبایل سعادت,خیابان شهدا خیابان نواب صفوی,9173748830
بوشهر,طلا جواهرات و ساعت,طلافروشی فرزاد پورک,خیابان انقلاب روبروی بانک ملت,7732522291
بوشهر,ابزارآلات تجهیزات تاسیسات ساختمان و سایر خدمات ساختمان,فروشگاه مصالح ساختمانی و بهداشتی گودرزی,چهارراه ولی عصر,9171749591
بوشهر,خرده فروشی مواد غذایی,خواربار فروشی راستی,خیابان عاشوری مابین کوچه بهارستان 20و22 ساختمان کشتکار,7733535262
بوشهر,کالای دیجیتال,لوازم کامپوتری بوشهر آی تی,بلوار سلمان فارسی روبرو بیمارستان,9172385425
گناوه,سایر خدمات,بینایی سنجی روشنا,روبروی کلینک شفا,7733122805
بوشهر,سلامت,دندانپزشکی امیر محمد کیهان,میدان امام ساختمان مهرگان,7733558204
اهرم,کالای دیجیتال,موبایل فروشی بیغش,خیابان امام خمینی پلاک 44,7735228109
برازجان,کالای دیجیتال,لپ تاپ و کتاب فروشی انصاری نژاد,شهرک شهید اسدی فازیک کوچه 2 پیام نور,7734255697
بوشهر,ابزارآلات تجهیزات تاسیسات ساختمان و سایر خدمات ساختمان,کارگاه در و پنجره و مخازن پلی اتیلن دوانی,خیابان شکری روبروی میدان شکری,9177763660
بوشهر,وسایل نقلیه,فروشگاه موتور سیکلت برقی حسنیان,تقاطع خیابان علالی و ملاصدرا,9171768534
برازجان,کالای دیجیتال,فاطمه بحرانی,کوی شاه حسینی کوچه 2شهید چمران خیابان شهید چمران پاساژ سامام پلاک 37,9357119386
گناوه,لوازم خانگی آشپزخانه و تزیینی,زهراء کدایی,بندر ریگ خیابان شهید بحرینی فروشگاه معلم,7733834009
بوشهر,لوازم خانگی آشپزخانه و تزیینی,لوازم خانگی مشتاقی,ریشهر لوازم خانگی مشتاقی,9027769102
بوشهر,سلامت,کلینیک دندانپزشکی دنا,خیابان سنگی نرسیده به میدان ساعت,9177749045
خورموج,سایر خدمات,کانون بازنشسته و مستمری بگیران تامین دشتی,بلوار بسیج تامین اجتماعی شعبه دشتی,7735320430
برازجان,لوازم خانگی آشپزخانه و تزیینی,فروشگاه لوازم خانگی حاج حسن اسدی,خیابان الفتح پشت پاساژ استوار,7734236087
بوشهر,لوازم خانگی آشپزخانه و تزیینی,لوازم خانگی سعادت,بهمنی بلوار سبز آباد نبش مهر 30,9177746093
خورموج,لوازم خانگی آشپزخانه و تزیینی,فروشگاه آنلاین دشتی کالا,خیابان امام جنب تعاونی روستایی,7735328454
خورموج,لوازم خانگی آشپزخانه و تزیینی,لوازم خانگی میلاد,بازار صفا لوازم خانگی میلاد,7735324168
بوشهر,لوازم خانگی آشپزخانه و تزیینی,نمایشگاه مبلمان ابریشم,بلوار سبزآباد نبش مهر 44,9177785284
بوشهر,سلامت,ساخت پروتزهای دندانی مهران مکاریان,بلوار شهید چمران نبش ساحل 22,7733326391
برازجان,لوازم خانگی آشپزخانه و تزیینی,لوازم خانگی و آشپزخانه پورعسکر,خیابان الفتح جنب پاساژ استوار,7734229385
بوشهر,لوازم خانگی آشپزخانه و تزیینی,فروشگاه برق و لوستر پاینده,میدان شهرداری روبروی هتل دلوار,9175518051
دیر,لوازم خانگی آشپزخانه و تزیینی,لوازم خانگی مومنی,خیابان ساحلی بازار روز,7735428931
بوشهر,فرش و موکت,فرش محمدی,بلوار طالقانی شهرک نیایش خیابان اطلسی,9173208455
بوشهر,کالای دیجیتال,موبایل برمودا,چغادک روبروی بانک ملت,7733444662
دیر,لوازم خانگی آشپزخانه و تزیینی,مبلمان و لوازم منزل ریو,ورودی غربی بلوار پیامبر اعظم,7735428655
کنگان,لوازم خانگی آشپزخانه و تزیینی,لوازم خانگی مرجان کنگان,بلوار اصلی نرسیده به فلکه پریشانی,7737214982
خورموج,لوازم خانگی آشپزخانه و تزیینی,لوازم خانگی حاجیانی,خیابان شهید ابطحی تقاطع خیابان شهید عبدالشاهی,7735330054
دیر,لوازم خانگی آشپزخانه و تزیینی,لوازم خانگی برتر,انتهای خیابان حجاب,7735424903
برازجان,سلامت,عینک طبی بینا,خيابان شهيد چمران روبروي بانك رفاه كارگران,7734228134
بوشهر,لوازم خانگی آشپزخانه و تزیینی,لوازم خانگي مركزي,خیابان ساحلی روبروی اسکله صیادی,7735429223
شبانکاره,کالای دیجیتال,آریا موبایل سالاری,خیابان امام خمینی چهاراه ساعت,9397118810
بوشهر,لوازم خانگی آشپزخانه و تزیینی,فروشگاه لوازم خانگی و موبایل اقساطی لیان,خ سلمان فارسی جنب دانشگاه علوم بزشکی,9177727314
برازجان,سلامت,دندانبزشکی محبوبه بحرینی,خیابان شهید چمران میدان 17شهریور,9171862977
برازجان,سایر خدمات,فروشگاه ایرانیان,خيابان آيت کوچه روبروي دبيرستان تزکيه,9179709096
بوشهر,کالای دیجیتال,موبایل و لوازم جانبی بیژن,خیابان لیان فرعی اتوبوسرانی پلاک 4,9177738434
گناوه,لوازم خانگی آشپزخانه و تزیینی,گل سرخ,خیابان پیروزی بعداز درمانگاه رازی,9172601032
بوشهر,مبلمان و صنایع چوب,مبل فروشی امید,بلوار سبزآباد بعد از سه راهی امامزاده,9129463688
بوشهر,وسایل نقلیه,لوازم موتور سیکلت احسان,خیابان میثم تمار,9173762119
برازجان,فرش و موکت,فروشگاه فرش مسیح گل,خیابان امام خمینی,7734298818
بوشهر,لوازم خانگی آشپزخانه و تزیینی,لوازم خانگی مشی,بهمني نبش بهمن 20جنب بانک سپه,7733448617
برازجان,لوازم خانگی آشپزخانه و تزیینی,لوازم خانگی رضایی,ميدان امام خميني جنب داروخانه وليعصر,9173730371
برازجان,لوازم خانگی آشپزخانه و تزیینی,لوازم خانگی اسدی,خ شهيد سليمي پشت پاساژ استوار,9171719180
بوشهر,لوازم خانگی آشپزخانه و تزیینی,گل سرخ,خ انقلاب,7733325561
برازجان,لوازم خانگی آشپزخانه و تزیینی,لوازم خانگی عوض پور,خیابان امام خمینی چهارراه بازار,9177739850
برازجان,کالای دیجیتال,موبایل هخامنش,خيابان شيهد سليمي فرد مجتمع تجاري هخامنش,9177732816
